CPU Usage (%),4.679999999999999,1.5073285102844238
CPU Usage (%),2.0333333333333337,0.30321383476257324
CPU Usage (%),3.275,0.33779239654541016
CPU Usage (%),3.233333333333333,0.25223255157470703
CPU Usage (%),2.75,0.6004655361175537
CPU Usage (%),2.1666666666666665,0.2871134281158447
CPU Usage (%),0.7999999999999999,0.2597932815551758
CPU Usage (%),2.6833333333333336,0.5545666217803955
CPU Usage (%),2.3666666666666667,0.30584287643432617
CPU Usage (%),2.35,0.16834282875061035
CPU Usage (%),0.8999999999999999,0.18319201469421387
CPU Usage (%),3.1666666666666665,0.24643206596374512
CPU Usage (%),1.2,0.5686306953430176
CPU Usage (%),5.0,0.7428627014160156
CPU Usage (%),1.8199999999999998,0.5167686939239502
CPU Usage (%),2.1,0.14847230911254883
CPU Usage (%),1.25,0.33365511894226074
CPU Usage (%),3.4200000000000004,0.4249837398529053
CPU Usage (%),1.9666666666666668,0.3027918338775635
CPU Usage (%),3.3,0.4197721481323242
CPU Usage (%),2.4,0.18094921112060547
CPU Usage (%),1.72,0.506340742111206
CPU Usage (%),3.425,0.35312986373901367
CPU Usage (%),2.1,0.2910172939300537
CPU Usage (%),2.9333333333333336,0.27849507331848145
CPU Usage (%),2.0999999999999996,0.5660264492034912
CPU Usage (%),1.3833333333333335,0.6185846328735352
CPU Usage (%),2.05,0.17213845252990723
CPU Usage (%),3.6333333333333333,0.5968601703643799
CPU Usage (%),3.2249999999999996,0.36092472076416016
CPU Usage (%),2.9571428571428577,0.6816997528076172
CPU Usage (%),6.866666666666667,0.28327274322509766
CPU Usage (%),1.7,0.4104957580566406
CPU Usage (%),6.7749999999999995,0.34154319763183594
CPU Usage (%),5.1,0.37183189392089844
CPU Usage (%),8.35,0.34241342544555664
CPU Usage (%),1.7333333333333332,0.6011557579040527
CPU Usage (%),4.7250000000000005,0.36436963081359863
CPU Usage (%),1.5250000000000001,0.34202051162719727
CPU Usage (%),1.9999999999999998,0.32630491256713867
CPU Usage (%),5.0,0.23500823974609375
CPU Usage (%),1.5999999999999999,0.6016759872436523
CPU Usage (%),1.55,0.15779662132263184
CPU Usage (%),1.5,0.17459487915039062
CPU Usage (%),1.6999999999999997,0.4455580711364746
CPU Usage (%),3.0,0.3622243404388428
CPU Usage (%),1.275,0.33267903327941895
CPU Usage (%),4.16,0.4470479488372803
CPU Usage (%),5.5600000000000005,0.5139782428741455
CPU Usage (%),5.833333333333332,0.5544812679290771
CPU Usage (%),1.2666666666666666,0.23495697975158691
CPU Usage (%),4.175,0.3637661933898926
CPU Usage (%),2.1,0.17438173294067383
CPU Usage (%),2.4,0.2195453643798828
CPU Usage (%),1.65,0.39290857315063477
CPU Usage (%),2.0199999999999996,0.4466390609741211
CPU Usage (%),2.1399999999999997,0.5262818336486816
CPU Usage (%),2.3,0.42417168617248535
CPU Usage (%),2.6999999999999997,0.3516960144042969
CPU Usage (%),4.659999999999999,0.4295918941497803
CPU Usage (%),2.2333333333333334,0.26673007011413574
CPU Usage (%),1.9333333333333333,0.6052024364471436
CPU Usage (%),2.457142857142857,0.7420508861541748
CPU Usage (%),7.15,0.33011579513549805
CPU Usage (%),5.028571428571429,0.6712210178375244
CPU Usage (%),1.633333333333333,0.2996060848236084
CPU Usage (%),3.6,0.5832266807556152
CPU Usage (%),5.639999999999999,0.4481966495513916
CPU Usage (%),3.9166666666666665,0.5775885581970215
CPU Usage (%),2.766666666666667,0.31656694412231445
CPU Usage (%),3.9499999999999997,0.3368983268737793
CPU Usage (%),1.8,0.2829430103302002
CPU Usage (%),5.9799999999999995,1.0010952949523926
CPU Usage (%),2.5666666666666664,0.5391650199890137
CPU Usage (%),4.990909090909091,1.1359210014343262
CPU Usage (%),3.6999999999999997,0.3652825355529785
CPU Usage (%),2.233333333333333,0.3180429935455322
CPU Usage (%),3.6800000000000006,1.0391836166381836
CPU Usage (%),5.1,0.9825692176818848
CPU Usage (%),6.966666666666668,0.30091094970703125
CPU Usage (%),5.566666666666666,0.3122262954711914
CPU Usage (%),3.933333333333333,0.5840802192687988
CPU Usage (%),6.683333333333334,0.5863363742828369
CPU Usage (%),5.1000000000000005,0.3031935691833496
CPU Usage (%),5.74,0.5030949115753174
CPU Usage (%),2.12,0.490553617477417
CPU Usage (%),6.949999999999999,0.19558358192443848
CPU Usage (%),2.0749999999999997,0.3674125671386719
CPU Usage (%),4.475,0.3786451816558838
CPU Usage (%),2.05,0.6108741760253906
CPU Usage (%),2.34,1.0080997943878174
CPU Usage (%),2.4,0.3175482749938965
CPU Usage (%),4.016666666666667,0.6306912899017334
CPU Usage (%),1.657142857142857,0.6584634780883789
CPU Usage (%),2.12,0.4956648349761963
CPU Usage (%),2.275,0.4027388095855713
CPU Usage (%),1.8166666666666664,0.5441396236419678
CPU Usage (%),2.125,0.37459611892700195
CPU Usage (%),0.86,0.43067431449890137
CPU Usage (%),1.0,0.25965213775634766
CPU Usage (%),2.1,0.2125551700592041
CPU Usage (%),2.9333333333333336,0.6366286277770996
CPU Usage (%),3.96,0.43859362602233887
CPU Usage (%),3.9250000000000003,0.36307764053344727
CPU Usage (%),1.75,0.38932156562805176
CPU Usage (%),2.2333333333333334,0.2985539436340332
CPU Usage (%),1.0666666666666667,0.27013063430786133
CPU Usage (%),5.15,0.17771697044372559
CPU Usage (%),1.7333333333333334,0.5630195140838623
CPU Usage (%),2.05,0.1553342342376709
CPU Usage (%),1.675,0.3585481643676758
CPU Usage (%),2.5999999999999996,0.15870070457458496
CPU Usage (%),1.5285714285714282,0.7230291366577148
CPU Usage (%),3.08,0.4960494041442871
CPU Usage (%),0.3,0.1500558853149414
CPU Usage (%),2.983333333333333,0.623197078704834
CPU Usage (%),3.766666666666667,0.30473756790161133
CPU Usage (%),2.1,0.13297033309936523
CPU Usage (%),2.1333333333333333,0.26740550994873047
CPU Usage (%),3.425,0.3318352699279785
CPU Usage (%),3.72,0.4689962863922119
CPU Usage (%),1.7000000000000002,0.5724177360534668
CPU Usage (%),2.36,0.9954328536987305
CPU Usage (%),0.6333333333333333,0.25979089736938477
CPU Usage (%),2.2249999999999996,0.3290526866912842
CPU Usage (%),2.925,0.3215036392211914
CPU Usage (%),1.5333333333333332,0.306135892868042
CPU Usage (%),1.8,0.32345128059387207
CPU Usage (%),1.0,0.26514148712158203
CPU Usage (%),2.1750000000000003,0.3269987106323242
CPU Usage (%),1.5666666666666667,0.22163152694702148
CPU Usage (%),4.1000000000000005,0.25457048416137695
CPU Usage (%),2.5999999999999996,0.447157621383667
CPU Usage (%),1.7,0.28499507904052734
CPU Usage (%),1.675,0.37941575050354004
CPU Usage (%),3.4000000000000004,0.38210344314575195
CPU Usage (%),3.5749999999999997,0.4141557216644287
CPU Usage (%),1.8333333333333333,0.23435449600219727
CPU Usage (%),1.575,0.3432164192199707
CPU Usage (%),5.8,0.31212854385375977
CPU Usage (%),1.15,0.1537647247314453
CPU Usage (%),5.175,0.33281421661376953
CPU Usage (%),3.8,0.19345331192016602
CPU Usage (%),4.1,0.18923687934875488
CPU Usage (%),2.8142857142857145,0.7029528617858887
CPU Usage (%),2.0,0.27736949920654297
CPU Usage (%),2.6,0.32251906394958496
CPU Usage (%),2.125,0.36601853370666504
CPU Usage (%),4.333333333333333,0.301008939743042
CPU Usage (%),3.9000000000000004,0.39370250701904297
CPU Usage (%),3.0499999999999994,0.562140703201294
CPU Usage (%),5.9125000000000005,0.8051445484161377
CPU Usage (%),12.819999999999999,0.4441969394683838
CPU Usage (%),9.283333333333333,0.5480871200561523
CPU Usage (%),6.76,0.4418177604675293
CPU Usage (%),3.4000000000000004,0.8048648834228516
CPU Usage (%),5.066666666666666,0.6035828590393066
CPU Usage (%),4.7555555555555555,0.8783102035522461
CPU Usage (%),3.775,0.34359049797058105
CPU Usage (%),7.225,0.39264893531799316
CPU Usage (%),3.5666666666666664,0.30819153785705566
CPU Usage (%),4.7,0.36806750297546387
CPU Usage (%),8.200000000000001,0.2784860134124756
CPU Usage (%),7.8,0.21040630340576172
CPU Usage (%),7.5,0.2089076042175293
CPU Usage (%),10.687500000000002,0.7497410774230957
CPU Usage (%),3.1374999999999997,0.8000876903533936
CPU Usage (%),4.4875,0.7734205722808838
CPU Usage (%),1.8333333333333333,0.21994423866271973
CPU Usage (%),7.6,0.4722568988800049
CPU Usage (%),4.35,0.3745994567871094
CPU Usage (%),2.75,0.20773983001708984
CPU Usage (%),3.5500000000000003,0.38539624214172363
CPU Usage (%),5.533333333333334,0.297792911529541
CPU Usage (%),6.766666666666667,0.2169172763824463
CPU Usage (%),3.6399999999999997,0.5153329372406006
CPU Usage (%),5.883333333333333,0.5619723796844482
CPU Usage (%),11.25,0.4058077335357666
CPU Usage (%),5.0,0.8080418109893799
CPU Usage (%),3.7,0.4393801689147949
CPU Usage (%),1.2,0.3934509754180908
CPU Usage (%),6.316666666666666,0.6417078971862793
CPU Usage (%),7.099999999999999,0.31271839141845703
CPU Usage (%),3.65,0.7625110149383545
CPU Usage (%),3.0,0.21412205696105957
CPU Usage (%),8.483333333333334,0.5896656513214111
CPU Usage (%),5.375,0.32103681564331055
CPU Usage (%),4.416666666666667,0.6089680194854736
CPU Usage (%),8.024999999999999,0.4072589874267578
CPU Usage (%),7.266666666666667,0.3091895580291748
CPU Usage (%),4.575,0.7824277877807617
CPU Usage (%),3.9,1.1300461292266846
CPU Usage (%),3.6428571428571432,0.6641666889190674
CPU Usage (%),6.05,0.5824627876281738
CPU Usage (%),5.966666666666666,0.5825724601745605
CPU Usage (%),2.4,0.2885706424713135
CPU Usage (%),4.1625000000000005,0.8110785484313965
CPU Usage (%),4.371428571428572,0.722783088684082
CPU Usage (%),7.971428571428572,0.7182769775390625
CPU Usage (%),6.766666666666667,0.2703285217285156
CPU Usage (%),4.528571428571428,0.6869359016418457
CPU Usage (%),2.1,0.29893064498901367
CPU Usage (%),5.633333333333333,0.5383226871490479
CPU Usage (%),4.7,0.2732279300689697
CPU Usage (%),2.3333333333333335,0.29872822761535645
CPU Usage (%),6.933333333333334,0.24768376350402832
CPU Usage (%),4.375,0.7942965030670166
CPU Usage (%),0.3,0.1835925579071045
CPU Usage (%),7.260000000000001,0.4856886863708496
CPU Usage (%),4.0,0.24287819862365723
CPU Usage (%),7.74,0.4975583553314209
CPU Usage (%),5.733333333333333,0.23761916160583496
CPU Usage (%),2.55,0.3909873962402344
CPU Usage (%),5.566666666666666,0.26270365715026855
CPU Usage (%),4.2,0.7709333896636963
CPU Usage (%),5.366666666666667,0.2775881290435791
CPU Usage (%),5.166666666666667,0.23325443267822266
CPU Usage (%),2.9,0.3822927474975586
CPU Usage (%),3.6,0.48748159408569336
CPU Usage (%),6.033333333333334,0.5837721824645996
CPU Usage (%),5.6625,0.8148887157440186
CPU Usage (%),7.333333333333333,0.5981614589691162
CPU Usage (%),1.85,0.18614435195922852
CPU Usage (%),5.359999999999999,0.4631059169769287
CPU Usage (%),6.140000000000001,0.5314555168151855
CPU Usage (%),3.9,0.2216806411743164
CPU Usage (%),5.12,0.44148755073547363
CPU Usage (%),6.425,0.420581579208374
CPU Usage (%),2.1,0.3343467712402344
CPU Usage (%),3.2571428571428576,0.6968162059783936
CPU Usage (%),8.66,0.44521021842956543
CPU Usage (%),4.3,0.20996689796447754
CPU Usage (%),4.814285714285715,0.7194297313690186
CPU Usage (%),1.95,0.4084503650665283
CPU Usage (%),5.4,0.35207486152648926
CPU Usage (%),3.025,0.3768017292022705
CPU Usage (%),6.7875,0.8127138614654541
CPU Usage (%),2.2249999999999996,0.37599968910217285
CPU Usage (%),5.040000000000001,0.43995141983032227
CPU Usage (%),2.9333333333333336,0.5967888832092285
CPU Usage (%),2.825,0.3494246006011963
CPU Usage (%),6.166666666666667,0.2689213752746582
CPU Usage (%),3.457142857142857,0.6968064308166504
CPU Usage (%),1.6333333333333335,0.24405956268310547
CPU Usage (%),6.050000000000001,0.5799543857574463
CPU Usage (%),3.4499999999999997,0.749182939529419
CPU Usage (%),8.3,0.24484682083129883
CPU Usage (%),2.55,0.18536710739135742
CPU Usage (%),3.3750000000000004,0.4223182201385498
CPU Usage (%),2.65,0.370164155960083
CPU Usage (%),4.45,0.8032550811767578
CPU Usage (%),5.1000000000000005,0.21513581275939941
CPU Usage (%),4.8,0.28528928756713867
CPU Usage (%),2.0749999999999997,0.37711453437805176
CPU Usage (%),7.599999999999999,0.24258041381835938
CPU Usage (%),2.5199999999999996,0.43329906463623047
CPU Usage (%),4.485714285714286,0.6841497421264648
CPU Usage (%),4.928571428571428,0.7204132080078125
CPU Usage (%),2.6428571428571432,0.6843428611755371
CPU Usage (%),7.82,0.501962423324585
CPU Usage (%),6.175000000000001,0.3605501651763916
CPU Usage (%),2.1999999999999997,0.25827860832214355
CPU Usage (%),2.42,0.48174405097961426
CPU Usage (%),2.6999999999999997,0.3048591613769531
CPU Usage (%),2.48,0.43509960174560547
CPU Usage (%),2.55,0.5815365314483643
CPU Usage (%),4.175,0.36352992057800293
CPU Usage (%),4.9,0.32256126403808594
CPU Usage (%),6.55,0.19341063499450684
CPU Usage (%),2.9800000000000004,0.44655871391296387
CPU Usage (%),3.9166666666666665,0.5446453094482422
CPU Usage (%),4.15,0.6065719127655029
CPU Usage (%),2.3249999999999997,0.40355467796325684
CPU Usage (%),3.1500000000000004,0.40419435501098633
CPU Usage (%),2.4,0.31126832962036133
CPU Usage (%),3.4333333333333336,0.2357311248779297
CPU Usage (%),1.5333333333333332,0.27382826805114746
CPU Usage (%),2.9400000000000004,0.5245199203491211
CPU Usage (%),4.4750000000000005,0.4196655750274658
CPU Usage (%),5.6000000000000005,0.6520018577575684
CPU Usage (%),4.585714285714286,0.6956024169921875
CPU Usage (%),3.625,0.42388033866882324
CPU Usage (%),2.6333333333333333,0.2775540351867676
CPU Usage (%),4.716666666666666,0.5734374523162842
CPU Usage (%),3.8000000000000003,0.6022632122039795
CPU Usage (%),5.55,0.19211316108703613
CPU Usage (%),1.35,0.13291335105895996
CPU Usage (%),2.45,0.21052026748657227
CPU Usage (%),9.95,0.3552734851837158
CPU Usage (%),2.966666666666667,0.23770475387573242
CPU Usage (%),6.614285714285715,0.695345401763916
CPU Usage (%),2.9,0.16886425018310547
CPU Usage (%),1.25,0.12564420700073242
CPU Usage (%),5.675,0.4167048931121826
CPU Usage (%),4.0,0.28487467765808105
CPU Usage (%),3.6500000000000004,0.17579221725463867
CPU Usage (%),7.525,0.3315091133117676
CPU Usage (%),8.95,0.1972661018371582
CPU Usage (%),9.933333333333332,0.27384519577026367
CPU Usage (%),3.7,0.34101414680480957
CPU Usage (%),1.9249999999999998,0.4076063632965088
CPU Usage (%),1.4666666666666668,0.30094432830810547
CPU Usage (%),1.5,0.1787409782409668
CPU Usage (%),0.7999999999999999,0.26961541175842285
CPU Usage (%),1.0666666666666667,0.2711796760559082
CPU Usage (%),2.033333333333333,0.3041083812713623
CPU Usage (%),0.9666666666666667,0.2615814208984375
CPU Usage (%),1.1333333333333333,0.24051690101623535
CPU Usage (%),3.375,0.3519890308380127
CPU Usage (%),2.5,0.37650561332702637
CPU Usage (%),1.9749999999999999,0.3214402198791504
CPU Usage (%),0.6,0.16500091552734375
CPU Usage (%),3.2750000000000004,0.38535070419311523
CPU Usage (%),1.24,0.44934654235839844
CPU Usage (%),1.5999999999999999,0.2731318473815918
CPU Usage (%),2.033333333333333,0.566009521484375
CPU Usage (%),1.866666666666667,0.30145955085754395
CPU Usage (%),1.1749999999999998,0.3602776527404785
CPU Usage (%),2.15,0.16866397857666016
CPU Usage (%),1.9499999999999997,0.3323080539703369
CPU Usage (%),1.35,0.19919943809509277
CPU Usage (%),0.75,0.3291459083557129
CPU Usage (%),1.6333333333333335,0.27915477752685547
CPU Usage (%),0.6,0.1957399845123291
CPU Usage (%),1.8,0.4851679801940918
CPU Usage (%),0.0,0.1864924430847168
CPU Usage (%),1.5,0.16808342933654785
CPU Usage (%),1.8666666666666665,0.2645094394683838
CPU Usage (%),1.9,0.09688377380371094
CPU Usage (%),1.3,0.3376755714416504
CPU Usage (%),2.7,0.17985081672668457
CPU Usage (%),1.366666666666667,0.5748569965362549
CPU Usage (%),1.7999999999999998,0.3417332172393799
CPU Usage (%),0.6,0.18836760520935059
CPU Usage (%),2.9333333333333336,0.5814895629882812
CPU Usage (%),0.8333333333333334,0.22549986839294434
CPU Usage (%),1.825,0.3606126308441162
CPU Usage (%),5.65,0.1526639461517334
CPU Usage (%),1.3333333333333333,0.2730369567871094
CPU Usage (%),1.1,0.4663681983947754
CPU Usage (%),2.64,0.5251357555389404
CPU Usage (%),1.1,0.14106130599975586
CPU Usage (%),2.025,0.34684133529663086
CPU Usage (%),2.4,0.34375882148742676
CPU Usage (%),1.7000000000000002,0.17421770095825195
CPU Usage (%),2.716666666666667,0.5920605659484863
CPU Usage (%),2.1,0.1759798526763916
CPU Usage (%),1.75,0.164353609085083
CPU Usage (%),0.7999999999999999,0.26598167419433594
CPU Usage (%),1.2,0.1889801025390625
CPU Usage (%),3.2750000000000004,0.8134109973907471
CPU Usage (%),2.0571428571428574,0.6516430377960205
CPU Usage (%),0.7999999999999999,0.26171350479125977
CPU Usage (%),2.25,0.17265868186950684
CPU Usage (%),1.94,0.5026412010192871
CPU Usage (%),4.499999999999999,0.37749528884887695
CPU Usage (%),2.125,0.3453669548034668
CPU Usage (%),7.58,0.5044629573822021
CPU Usage (%),2.15,0.38599419593811035
CPU Usage (%),2.0,0.7040083408355713
CPU Usage (%),2.15,0.4040665626525879
CPU Usage (%),3.8499999999999996,0.3531641960144043
CPU Usage (%),3.8600000000000003,0.451063871383667
CPU Usage (%),1.8,0.21921992301940918
CPU Usage (%),1.125,0.36049818992614746
CPU Usage (%),3.7,0.426633358001709
CPU Usage (%),2.3727272727272726,2.272867441177368
CPU Usage (%),3.0555555555555554,0.9020583629608154
CPU Usage (%),3.0,0.31906700134277344
CPU Usage (%),2.2,0.2885098457336426
CPU Usage (%),3.0615384615384618,1.318161964416504
CPU Usage (%),1.7,0.17950749397277832
CPU Usage (%),5.35,0.2090151309967041
CPU Usage (%),2.44,0.4767484664916992
CPU Usage (%),0.6333333333333333,0.22822999954223633
CPU Usage (%),4.183333333333334,0.6306741237640381
CPU Usage (%),1.4666666666666666,0.30031323432922363
CPU Usage (%),1.6999999999999997,0.4239952564239502
CPU Usage (%),4.577777777777778,0.9446578025817871
CPU Usage (%),5.279999999999999,0.5011978149414062
CPU Usage (%),2.7199999999999998,0.46910953521728516
CPU Usage (%),0.4333333333333333,0.25588440895080566
CPU Usage (%),3.44,0.45154595375061035
CPU Usage (%),3.3857142857142857,0.6877751350402832
CPU Usage (%),3.216666666666667,0.5393259525299072
CPU Usage (%),5.15,0.38814520835876465
CPU Usage (%),2.85,0.6381731033325195
CPU Usage (%),2.611111111111111,0.8702554702758789
CPU Usage (%),2.2,0.18401527404785156
CPU Usage (%),4.25,0.35774922370910645
CPU Usage (%),1.3142857142857143,0.6783087253570557
CPU Usage (%),3.372727272727273,1.1056122779846191
CPU Usage (%),1.5714285714285714,0.6949424743652344
CPU Usage (%),4.366666666666666,0.5542633533477783
CPU Usage (%),4.0249999999999995,0.8254590034484863
CPU Usage (%),7.0,0.4710676670074463
CPU Usage (%),6.25,0.36397552490234375
CPU Usage (%),2.266666666666667,0.30532097816467285
CPU Usage (%),5.566666666666667,0.2790353298187256
CPU Usage (%),3.7750000000000004,0.3986639976501465
CPU Usage (%),6.766666666666666,0.22926640510559082
CPU Usage (%),3.8375000000000004,0.8191158771514893
CPU Usage (%),2.3000000000000003,0.7038822174072266
CPU Usage (%),1.75,0.21439194679260254
CPU Usage (%),5.38,0.4567265510559082
CPU Usage (%),4.444444444444445,0.9293968677520752
CPU Usage (%),2.311111111111111,0.8633735179901123
CPU Usage (%),2.1666666666666665,0.22390103340148926
CPU Usage (%),2.0374999999999996,0.7575104236602783
CPU Usage (%),5.908333333333334,1.216667652130127
CPU Usage (%),3.566666666666667,0.2288503646850586
CPU Usage (%),6.0,0.5351438522338867
CPU Usage (%),3.4250000000000003,0.770211935043335
CPU Usage (%),3.466666666666667,0.9324333667755127
CPU Usage (%),3.4,0.35104966163635254
CPU Usage (%),3.483333333333334,0.5728781223297119
CPU Usage (%),3.533333333333333,0.22377943992614746
CPU Usage (%),6.066666666666666,0.5554888248443604
CPU Usage (%),4.016666666666667,0.5487971305847168
CPU Usage (%),1.7,0.25248241424560547
CPU Usage (%),2.3600000000000003,0.44115710258483887
CPU Usage (%),3.0,0.24127435684204102
CPU Usage (%),6.8199999999999985,0.5080573558807373
CPU Usage (%),6.960000000000001,0.4640023708343506
CPU Usage (%),5.9,0.5088472366333008
CPU Usage (%),3.6750000000000003,0.3760547637939453
CPU Usage (%),5.7749999999999995,0.3996765613555908
CPU Usage (%),4.8,0.3409569263458252
CPU Usage (%),5.340000000000001,0.4334545135498047
CPU Usage (%),7.1499999999999995,0.3834536075592041
CPU Usage (%),1.2,0.35292959213256836
CPU Usage (%),3.0833333333333335,0.5415112972259521
CPU Usage (%),3.1666666666666665,0.259751558303833
CPU Usage (%),2.6999999999999997,0.4222738742828369
CPU Usage (%),1.3333333333333333,0.30851173400878906
CPU Usage (%),5.359999999999999,0.4307749271392822
CPU Usage (%),1.8199999999999998,0.4603760242462158
CPU Usage (%),2.06,0.49437546730041504
CPU Usage (%),2.55,0.15203404426574707
CPU Usage (%),1.1,0.18007993698120117
CPU Usage (%),3.8000000000000003,0.2558910846710205
CPU Usage (%),3.742857142857143,0.701958417892456
CPU Usage (%),2.4,0.3331632614135742
CPU Usage (%),5.366666666666666,0.3193166255950928
CPU Usage (%),5.385714285714286,0.715646505355835
CPU Usage (%),7.155555555555555,0.9300885200500488
CPU Usage (%),5.16,0.5298418998718262
CPU Usage (%),4.585714285714286,0.7371242046356201
CPU Usage (%),1.325,0.35761499404907227
CPU Usage (%),4.925,0.8042323589324951
CPU Usage (%),2.125,0.3875083923339844
CPU Usage (%),1.7999999999999998,0.2950115203857422
CPU Usage (%),1.4666666666666668,0.2998378276824951
CPU Usage (%),2.8,0.4555511474609375
CPU Usage (%),3.6999999999999997,0.6291759014129639
CPU Usage (%),3.8333333333333335,0.23249268531799316
CPU Usage (%),2.625,0.3405461311340332
CPU Usage (%),3.1,0.3454017639160156
CPU Usage (%),2.4,0.2967689037322998
CPU Usage (%),2.733333333333333,0.25735950469970703
CPU Usage (%),2.96,0.4600949287414551
CPU Usage (%),2.9333333333333336,0.3079335689544678
CPU Usage (%),2.4,0.19498014450073242
CPU Usage (%),0.6333333333333333,0.24879980087280273
CPU Usage (%),1.7999999999999998,0.20154738426208496
CPU Usage (%),3.766666666666667,0.30254507064819336
CPU Usage (%),0.8999999999999999,0.15055012702941895
CPU Usage (%),2.725,0.4019203186035156
CPU Usage (%),3.8499999999999996,0.1840500831604004
CPU Usage (%),1.5,0.39585399627685547
CPU Usage (%),2.1599999999999997,0.4415450096130371
CPU Usage (%),0.6,0.28565263748168945
CPU Usage (%),2.6,0.3212437629699707
CPU Usage (%),1.5666666666666664,0.23473763465881348
CPU Usage (%),1.375,0.40935754776000977
CPU Usage (%),2.766666666666666,0.272320032119751
CPU Usage (%),4.2,0.1597294807434082
CPU Usage (%),2.816666666666667,1.2198543548583984
CPU Usage (%),2.4250000000000003,0.3485231399536133
CPU Usage (%),1.2,0.29213476181030273
CPU Usage (%),1.3499999999999999,0.35466599464416504
CPU Usage (%),2.2600000000000002,0.46625661849975586
CPU Usage (%),1.8,0.16042351722717285
CPU Usage (%),1.7999999999999998,0.2132565975189209
CPU Usage (%),1.8250000000000002,0.40717220306396484
CPU Usage (%),2.3666666666666667,0.5780355930328369
CPU Usage (%),5.333333333333333,0.28005194664001465
CPU Usage (%),6.2749999999999995,0.843764066696167
CPU Usage (%),2.25,0.6028280258178711
CPU Usage (%),0.6,0.19092583656311035
CPU Usage (%),2.3000000000000003,0.29169607162475586
CPU Usage (%),1.3333333333333333,0.29084157943725586
CPU Usage (%),2.2800000000000002,0.45957374572753906
CPU Usage (%),1.78,0.4349386692047119
CPU Usage (%),0.64,0.49570322036743164
CPU Usage (%),1.8,0.37115931510925293
CPU Usage (%),2.1,0.24568533897399902
CPU Usage (%),4.275,0.3601381778717041
CPU Usage (%),1.1166666666666665,0.5693411827087402
CPU Usage (%),2.1666666666666665,0.2252054214477539
CPU Usage (%),1.9600000000000002,0.4291374683380127
CPU Usage (%),6.7,0.286266565322876
CPU Usage (%),5.6625,0.8164811134338379
CPU Usage (%),4.3500000000000005,0.38981175422668457
CPU Usage (%),7.62,0.5158731937408447
CPU Usage (%),3.8000000000000003,0.29993176460266113
CPU Usage (%),2.64,0.4376492500305176
CPU Usage (%),4.171428571428572,0.6997528076171875
CPU Usage (%),2.7500000000000004,0.35228800773620605
CPU Usage (%),7.133333333333333,0.6075420379638672
CPU Usage (%),2.5200000000000005,0.43433666229248047
CPU Usage (%),2.7499999999999996,0.4186227321624756
CPU Usage (%),2.4,0.2820253372192383
CPU Usage (%),2.3000000000000003,0.559999942779541
CPU Usage (%),1.725,0.42166876792907715
CPU Usage (%),8.419999999999998,0.4506797790527344
CPU Usage (%),5.075,0.3763706684112549
CPU Usage (%),2.34,0.48440003395080566
CPU Usage (%),2.733333333333333,0.5947346687316895
CPU Usage (%),9.925,0.3734159469604492
CPU Usage (%),4.757142857142857,0.7138242721557617
CPU Usage (%),4.9375,0.7900087833404541
CPU Usage (%),3.6799999999999997,0.45238566398620605
CPU Usage (%),3.8000000000000007,0.24000334739685059
CPU Usage (%),7.325,0.35984039306640625
CPU Usage (%),6.583333333333333,0.572681188583374
CPU Usage (%),1.95,0.3965623378753662
CPU Usage (%),1.7999999999999998,0.37216687202453613
CPU Usage (%),3.1800000000000006,0.4482710361480713
CPU Usage (%),2.275,0.3919646739959717
CPU Usage (%),5.64,0.4658658504486084
CPU Usage (%),2.35,0.1982402801513672
CPU Usage (%),6.616666666666667,0.6415436267852783
CPU Usage (%),7.9125000000000005,0.8321800231933594
CPU Usage (%),1.042857142857143,0.6508646011352539
CPU Usage (%),2.1333333333333333,0.2499988079071045
CPU Usage (%),2.3333333333333335,0.24224567413330078
CPU Usage (%),5.561538461538461,1.3328750133514404
CPU Usage (%),6.88,0.48494815826416016
CPU Usage (%),8.0,0.27904677391052246
CPU Usage (%),1.8,0.30377864837646484
CPU Usage (%),3.65,0.38248300552368164
CPU Usage (%),4.95,0.2097330093383789
CPU Usage (%),0.8999999999999999,0.15812993049621582
CPU Usage (%),1.775,0.407015323638916
CPU Usage (%),3.8000000000000003,0.36174654960632324
CPU Usage (%),2.15,0.5358588695526123
CPU Usage (%),1.5999999999999999,0.2728149890899658
CPU Usage (%),2.3,0.6756751537322998
CPU Usage (%),2.5,0.32700109481811523
CPU Usage (%),3.075,0.37793636322021484
CPU Usage (%),0.39999999999999997,0.31755566596984863
CPU Usage (%),1.7666666666666666,0.3046870231628418
CPU Usage (%),2.3499999999999996,0.36244797706604004
CPU Usage (%),2.533333333333333,0.3122384548187256
CPU Usage (%),2.05,0.36632776260375977
CPU Usage (%),1.575,0.32443976402282715
CPU Usage (%),4.125,0.41568803787231445
CPU Usage (%),1.5,0.15773391723632812
CPU Usage (%),3.4333333333333336,0.23237848281860352
CPU Usage (%),3.625,0.3954484462738037
CPU Usage (%),1.425,0.37131786346435547
CPU Usage (%),2.5,0.42086172103881836
CPU Usage (%),3.3,0.5258159637451172
CPU Usage (%),1.25,0.38635706901550293
CPU Usage (%),2.3666666666666667,0.3156595230102539
CPU Usage (%),2.0999999999999996,0.21212148666381836
CPU Usage (%),2.325,0.35245513916015625
CPU Usage (%),1.675,0.41013336181640625
CPU Usage (%),2.75,0.20376849174499512
CPU Usage (%),1.98,0.5012009143829346
CPU Usage (%),3.3249999999999997,0.37708115577697754
CPU Usage (%),2.8857142857142857,0.6715729236602783
CPU Usage (%),3.95,0.3826322555541992
CPU Usage (%),5.72,0.516876220703125
CPU Usage (%),6.25,0.3929777145385742
CPU Usage (%),2.125,0.36214780807495117
CPU Usage (%),3.5666666666666664,0.2952561378479004
CPU Usage (%),2.1333333333333333,0.3140425682067871
CPU Usage (%),1.5,0.16971230506896973
CPU Usage (%),3.025,0.40577030181884766
CPU Usage (%),2.675,0.35547327995300293
CPU Usage (%),1.5,0.20414018630981445
CPU Usage (%),1.2,0.3078336715698242
CPU Usage (%),3.8,0.4474012851715088
CPU Usage (%),2.6999999999999997,0.34708404541015625
CPU Usage (%),1.4000000000000001,0.3123972415924072
CPU Usage (%),1.5999999999999999,0.26784586906433105
CPU Usage (%),1.35,0.12918567657470703
CPU Usage (%),1.3,0.5421016216278076
CPU Usage (%),2.65,0.13381743431091309
CPU Usage (%),2.35,0.18720197677612305
CPU Usage (%),0.9,0.2853877544403076
CPU Usage (%),1.866666666666667,0.2816469669342041
CPU Usage (%),1.92,0.4430522918701172
CPU Usage (%),1.6599999999999997,0.4603233337402344
CPU Usage (%),1.8,0.44874119758605957
CPU Usage (%),3.0,0.23509478569030762
CPU Usage (%),2.1666666666666665,0.28337574005126953
CPU Usage (%),1.0666666666666667,0.3055999279022217
CPU Usage (%),2.888888888888889,0.8668498992919922
CPU Usage (%),2.1666666666666665,0.2691836357116699
CPU Usage (%),2.35,0.15825676918029785
CPU Usage (%),1.4600000000000002,0.4407627582550049
CPU Usage (%),2.1999999999999997,0.31637096405029297
CPU Usage (%),1.975,0.3196675777435303
CPU Usage (%),2.75,0.16095566749572754
CPU Usage (%),5.45,0.19207024574279785
CPU Usage (%),2.2333333333333334,0.277618408203125
CPU Usage (%),2.4333333333333336,0.2584707736968994
CPU Usage (%),2.7199999999999998,0.48514866828918457
CPU Usage (%),2.2333333333333334,0.29193830490112305
CPU Usage (%),1.2333333333333334,0.3145437240600586
CPU Usage (%),1.5857142857142854,0.6654675006866455
CPU Usage (%),1.5,0.2176218032836914
CPU Usage (%),1.1666666666666667,0.2889893054962158
CPU Usage (%),2.4000000000000004,0.32200098037719727
CPU Usage (%),2.2125000000000004,0.7534921169281006
CPU Usage (%),2.1333333333333333,0.611804723739624
CPU Usage (%),3.0500000000000003,0.5687046051025391
CPU Usage (%),0.8500000000000001,0.20392084121704102
CPU Usage (%),6.6,0.19458222389221191
CPU Usage (%),2.15,0.1788158416748047
CPU Usage (%),7.533333333333332,0.23482513427734375
CPU Usage (%),4.45,0.1745765209197998
CPU Usage (%),2.5333333333333337,0.2149968147277832
CPU Usage (%),1.7000000000000002,0.28606247901916504
CPU Usage (%),4.275,0.32188844680786133
CPU Usage (%),3.425,0.37314939498901367
CPU Usage (%),3.7999999999999994,0.27338409423828125
CPU Usage (%),4.680000000000001,0.5121059417724609
CPU Usage (%),1.5999999999999999,0.3180716037750244
CPU Usage (%),0.5285714285714286,0.6853702068328857
CPU Usage (%),3.9,0.1939234733581543
CPU Usage (%),1.2,0.17423224449157715
CPU Usage (%),3.25,0.8322453498840332
CPU Usage (%),2.4833333333333334,0.5946176052093506
CPU Usage (%),3.1999999999999997,0.1995847225189209
CPU Usage (%),1.0,0.2813088893890381
CPU Usage (%),2.9000000000000004,0.30027103424072266
CPU Usage (%),1.02,0.49243688583374023
CPU Usage (%),1.6333333333333335,0.28136491775512695
CPU Usage (%),2.9,0.18138647079467773
CPU Usage (%),2.4285714285714284,0.7260177135467529
CPU Usage (%),2.0,0.2539944648742676
CPU Usage (%),2.85,0.5386030673980713
CPU Usage (%),1.7555555555555555,0.9198513031005859
CPU Usage (%),2.5200000000000005,0.4378495216369629
CPU Usage (%),2.3333333333333335,0.29879236221313477
CPU Usage (%),1.5714285714285714,0.6532282829284668
CPU Usage (%),3.0,0.1901259422302246
CPU Usage (%),3.75,0.25224971771240234
CPU Usage (%),0.74,0.43253016471862793
CPU Usage (%),1.5999999999999999,0.2991814613342285
CPU Usage (%),4.033333333333333,0.27997493743896484
CPU Usage (%),1.5666666666666667,0.28110647201538086
CPU Usage (%),2.55,0.16372418403625488
CPU Usage (%),2.233333333333333,0.2850821018218994
CPU Usage (%),2.3666666666666667,0.24300169944763184
CPU Usage (%),2.1399999999999997,0.49816441535949707
CPU Usage (%),1.7,0.3860666751861572
CPU Usage (%),2.0,0.2240314483642578
CPU Usage (%),1.4333333333333333,0.2826414108276367
CPU Usage (%),0.875,0.32670116424560547
CPU Usage (%),3.1333333333333333,0.255847692489624
CPU Usage (%),3.4166666666666665,0.599787712097168
CPU Usage (%),1.4666666666666668,0.3006458282470703
CPU Usage (%),3.3666666666666667,0.2809145450592041
CPU Usage (%),1.7666666666666666,0.26058077812194824
CPU Usage (%),1.6250000000000002,0.3553047180175781
CPU Usage (%),2.6,0.3131392002105713
CPU Usage (%),2.6500000000000004,0.63600754737854
CPU Usage (%),2.4,0.17348146438598633
CPU Usage (%),2.675,0.36214637756347656
CPU Usage (%),3.625,0.32306408882141113
CPU Usage (%),0.95,0.1676621437072754
CPU Usage (%),2.8600000000000003,0.4804654121398926
CPU Usage (%),1.8,0.28487420082092285
CPU Usage (%),2.6666666666666665,0.31137919425964355
CPU Usage (%),1.7999999999999998,0.1378936767578125
CPU Usage (%),1.4333333333333336,0.25407838821411133
CPU Usage (%),2.3749999999999996,0.34778261184692383
CPU Usage (%),2.0,0.15754008293151855
CPU Usage (%),2.8199999999999994,0.5143389701843262
CPU Usage (%),2.7999999999999994,0.21666431427001953
CPU Usage (%),3.7999999999999994,0.30554723739624023
CPU Usage (%),2.1999999999999997,0.29204463958740234
CPU Usage (%),1.3199999999999998,0.44456005096435547
CPU Usage (%),2.66,0.46731066703796387
CPU Usage (%),2.95,0.4166266918182373
CPU Usage (%),2.8666666666666667,0.3074302673339844
CPU Usage (%),1.5,0.36134982109069824
CPU Usage (%),1.844444444444444,0.8730423450469971
CPU Usage (%),2.1125000000000003,0.7669153213500977
CPU Usage (%),1.8199999999999998,0.5062172412872314
CPU Usage (%),1.6333333333333335,0.25256943702697754
CPU Usage (%),2.0,0.21947240829467773
CPU Usage (%),3.04,0.4385640621185303
CPU Usage (%),2.9200000000000004,0.44367098808288574
CPU Usage (%),2.0666666666666664,0.285830020904541
CPU Usage (%),1.9600000000000002,0.4277472496032715
CPU Usage (%),2.2333333333333334,0.27103590965270996
CPU Usage (%),2.2,0.8483154773712158
CPU Usage (%),1.883333333333333,0.5762560367584229
CPU Usage (%),2.525,0.7521500587463379
CPU Usage (%),2.4749999999999996,0.4092397689819336
CPU Usage (%),2.0,0.4171607494354248
CPU Usage (%),2.25,0.35147976875305176
CPU Usage (%),1.775,0.3705739974975586
CPU Usage (%),1.4714285714285713,0.6731047630310059
CPU Usage (%),1.8166666666666664,0.6139609813690186
CPU Usage (%),2.233333333333333,0.24268746376037598
CPU Usage (%),2.58,0.432955265045166
CPU Usage (%),1.9333333333333336,0.2503232955932617
CPU Usage (%),2.3,0.4728858470916748
CPU Usage (%),1.2,0.19840216636657715
CPU Usage (%),2.0,0.5282719135284424
CPU Usage (%),2.0714285714285716,0.6895167827606201
CPU Usage (%),2.4,0.3934929370880127
CPU Usage (%),1.8200000000000003,0.4425208568572998
CPU Usage (%),2.1999999999999997,0.2529945373535156
CPU Usage (%),1.15,0.33179569244384766
CPU Usage (%),2.0999999999999996,0.2808849811553955
CPU Usage (%),1.0666666666666667,0.6388695240020752
CPU Usage (%),1.2750000000000001,0.3523292541503906
CPU Usage (%),0.7166666666666667,0.636014461517334
CPU Usage (%),1.2200000000000002,0.4652438163757324
CPU Usage (%),2.08,0.43733763694763184
CPU Usage (%),0.39999999999999997,0.24518418312072754
CPU Usage (%),1.2249999999999999,0.3618037700653076
CPU Usage (%),1.1833333333333333,0.5385453701019287
CPU Usage (%),0.9799999999999999,0.4809865951538086
CPU Usage (%),1.4249999999999998,0.39271092414855957
CPU Usage (%),2.1199999999999997,0.5191278457641602
CPU Usage (%),1.5399999999999998,1.0306146144866943
CPU Usage (%),2.1,0.2652928829193115
CPU Usage (%),1.2999999999999998,0.3957998752593994
CPU Usage (%),0.7999999999999999,0.27208662033081055
CPU Usage (%),0.7666666666666667,0.3204042911529541
CPU Usage (%),0.75,0.4034862518310547
CPU Usage (%),1.1199999999999999,0.47754836082458496
CPU Usage (%),2.75,0.4259364604949951
CPU Usage (%),1.72,0.4289560317993164
CPU Usage (%),1.9400000000000002,0.5029945373535156
CPU Usage (%),2.1666666666666665,0.281933069229126
CPU Usage (%),1.72,0.45586395263671875
CPU Usage (%),1.1,0.448331356048584
CPU Usage (%),3.34,0.43482494354248047
CPU Usage (%),3.4250000000000003,0.3426523208618164
CPU Usage (%),1.5,0.5072646141052246
CPU Usage (%),3.1166666666666667,0.57568359375
CPU Usage (%),1.6500000000000001,0.5381984710693359
CPU Usage (%),2.1,0.4503958225250244
CPU Usage (%),2.7249999999999996,0.42728400230407715
CPU Usage (%),2.6333333333333333,0.24767017364501953
CPU Usage (%),5.3,0.49662208557128906
CPU Usage (%),2.733333333333333,0.5692141056060791
CPU Usage (%),2.22,0.4714696407318115
CPU Usage (%),4.283333333333334,0.5366668701171875
CPU Usage (%),2.711111111111111,0.8790647983551025
CPU Usage (%),3.1749999999999994,0.8206543922424316
CPU Usage (%),4.116666666666666,0.5781984329223633
CPU Usage (%),3.4800000000000004,0.42937421798706055
CPU Usage (%),2.05,0.19087862968444824
CPU Usage (%),4.1625,0.833561897277832
CPU Usage (%),2.7199999999999998,0.4843742847442627
CPU Usage (%),1.5,0.20346379280090332
CPU Usage (%),2.9625000000000004,0.7995703220367432
CPU Usage (%),2.2333333333333334,0.614708662033081
CPU Usage (%),1.8,0.48714661598205566
CPU Usage (%),6.566666666666667,0.304563045501709
CPU Usage (%),1.48,0.4379613399505615
CPU Usage (%),1.7166666666666666,0.6196160316467285
CPU Usage (%),3.5800000000000005,0.5309679508209229
CPU Usage (%),2.4125,0.8398160934448242
CPU Usage (%),2.32,0.4785771369934082
CPU Usage (%),2.4,0.1721482276916504
CPU Usage (%),2.266666666666667,0.8953711986541748
CPU Usage (%),1.2666666666666666,0.2743031978607178
CPU Usage (%),1.5250000000000001,0.4095606803894043
CPU Usage (%),1.7666666666666666,0.3226752281188965
CPU Usage (%),4.233333333333333,0.5537197589874268
CPU Usage (%),1.7999999999999998,0.1809384822845459
CPU Usage (%),1.02,0.45984768867492676
CPU Usage (%),2.657142857142857,0.7018043994903564
CPU Usage (%),2.5125,0.829641580581665
CPU Usage (%),2.733333333333333,0.235398530960083
CPU Usage (%),1.6666666666666665,0.8933424949645996
CPU Usage (%),1.2,0.46242380142211914
CPU Usage (%),1.4000000000000001,0.24754929542541504
CPU Usage (%),0.78,0.4518911838531494
CPU Usage (%),3.4,0.47203946113586426
CPU Usage (%),1.6,0.19063496589660645
CPU Usage (%),0.6666666666666666,0.23955559730529785
CPU Usage (%),1.9666666666666666,0.3112170696258545
CPU Usage (%),4.1,0.3516499996185303
CPU Usage (%),1.9666666666666666,0.23785924911499023
CPU Usage (%),3.325,0.369457483291626
CPU Usage (%),3.225,0.7615745067596436
CPU Usage (%),2.3,0.6008691787719727
CPU Usage (%),3.0666666666666664,0.2969520092010498
CPU Usage (%),5.6125,0.7734856605529785
CPU Usage (%),2.0571428571428574,0.6863181591033936
CPU Usage (%),2.0,0.8098950386047363
CPU Usage (%),2.02,0.4275991916656494
CPU Usage (%),2.45,0.4052276611328125
CPU Usage (%),3.805555555555555,5.743463754653931
CPU Usage (%),2.7,0.17611479759216309
CPU Usage (%),2.325,0.39816951751708984
CPU Usage (%),1.22,0.43471527099609375
CPU Usage (%),2.525,0.33449316024780273
CPU Usage (%),2.3666666666666667,0.22264456748962402
CPU Usage (%),2.375,0.42104363441467285
CPU Usage (%),1.5,0.35459399223327637
CPU Usage (%),2.5,0.4204981327056885
CPU Usage (%),1.6666666666666667,0.280963659286499
CPU Usage (%),2.4,0.3202183246612549
CPU Usage (%),0.6,0.1955876350402832
CPU Usage (%),2.25,0.1603374481201172
CPU Usage (%),1.2,0.395740270614624
CPU Usage (%),2.8,0.3736245632171631
CPU Usage (%),2.683333333333333,0.6102175712585449
CPU Usage (%),2.6375,0.8357818126678467
CPU Usage (%),1.8333333333333333,0.21237874031066895
CPU Usage (%),2.9,0.11446428298950195
CPU Usage (%),2.0333333333333337,0.25985240936279297
CPU Usage (%),3.0,0.17267847061157227
CPU Usage (%),2.76,0.5192906856536865
CPU Usage (%),1.7999999999999998,0.3282933235168457
CPU Usage (%),2.4,0.1610734462738037
CPU Usage (%),5.08,0.4444386959075928
CPU Usage (%),4.2250000000000005,0.3889741897583008
CPU Usage (%),3.55,0.19141507148742676
CPU Usage (%),3.3,0.15671586990356445
CPU Usage (%),3.0,0.20190978050231934
CPU Usage (%),3.65,0.2043907642364502
CPU Usage (%),0.8333333333333334,0.2966337203979492
CPU Usage (%),4.133333333333333,0.2967054843902588
CPU Usage (%),2.225,0.39188241958618164
CPU Usage (%),4.279999999999999,0.4949948787689209
CPU Usage (%),4.7,0.5111126899719238
CPU Usage (%),3.0,0.5216517448425293
CPU Usage (%),2.9000000000000004,0.2879166603088379
CPU Usage (%),2.757142857142857,0.685434103012085
CPU Usage (%),3.5500000000000003,0.5924527645111084
CPU Usage (%),1.9666666666666666,0.22392940521240234
CPU Usage (%),3.9,0.330463171005249
CPU Usage (%),2.075,0.3955962657928467
CPU Usage (%),2.4499999999999997,0.8174057006835938
CPU Usage (%),1.9,0.09037542343139648
CPU Usage (%),1.4249999999999998,0.3807063102722168
CPU Usage (%),3.5,0.26126718521118164
CPU Usage (%),2.8000000000000003,0.30822253227233887
CPU Usage (%),1.0,0.21697235107421875
CPU Usage (%),2.1999999999999997,0.232513427734375
CPU Usage (%),3.5666666666666664,0.2787647247314453
CPU Usage (%),1.7666666666666666,0.3098607063293457
CPU Usage (%),4.1,0.4278526306152344
CPU Usage (%),5.45,0.20717692375183105
CPU Usage (%),2.5,0.19976401329040527
CPU Usage (%),5.76,0.5291821956634521
CPU Usage (%),2.1399999999999997,0.44083094596862793
CPU Usage (%),2.6999999999999997,0.30112242698669434
CPU Usage (%),3.5,0.10037374496459961
CPU Usage (%),1.8199999999999998,0.4325897693634033
CPU Usage (%),2.966666666666667,0.2667675018310547
CPU Usage (%),2.3199999999999994,0.43027782440185547
CPU Usage (%),2.733333333333333,0.27849698066711426
CPU Usage (%),0.6,0.13506674766540527
CPU Usage (%),3.025,0.35451221466064453
CPU Usage (%),4.125,0.38971400260925293
CPU Usage (%),3.0,0.18845343589782715
CPU Usage (%),3.6500000000000004,0.19435811042785645
CPU Usage (%),2.6999999999999997,0.32372164726257324
CPU Usage (%),3.55,0.36629796028137207
CPU Usage (%),3.0399999999999996,0.5043725967407227
CPU Usage (%),1.5499999999999998,0.20420312881469727
CPU Usage (%),2.966666666666667,0.320357084274292
CPU Usage (%),3.85,0.19744324684143066
CPU Usage (%),1.6,0.35219240188598633
CPU Usage (%),3.62,0.525172233581543
CPU Usage (%),4.680000000000001,0.4671947956085205
CPU Usage (%),2.483333333333333,0.6033034324645996
CPU Usage (%),3.1,0.20849871635437012
CPU Usage (%),3.5,0.5037047863006592
CPU Usage (%),1.6,0.17749428749084473
CPU Usage (%),1.8555555555555558,0.873150110244751
CPU Usage (%),1.5999999999999999,0.2990546226501465
CPU Usage (%),0.7999999999999999,0.22452187538146973
CPU Usage (%),1.4,0.36656856536865234
CPU Usage (%),2.5000000000000004,0.4282231330871582
CPU Usage (%),2.4,0.17706847190856934
CPU Usage (%),4.2,0.3604443073272705
CPU Usage (%),3.1333333333333333,0.5907716751098633
CPU Usage (%),1.5833333333333333,0.6198318004608154
CPU Usage (%),2.6666666666666665,0.2740652561187744
CPU Usage (%),2.3,0.3557887077331543
CPU Usage (%),1.883333333333333,0.5563158988952637
CPU Usage (%),2.8999999999999995,0.34450483322143555
CPU Usage (%),4.0,0.19948768615722656
CPU Usage (%),2.8333333333333335,0.3137056827545166
CPU Usage (%),1.8399999999999999,0.45888400077819824
CPU Usage (%),2.6333333333333333,0.2831559181213379
CPU Usage (%),2.1,0.18982887268066406
CPU Usage (%),2.4333333333333336,0.2966032028198242
CPU Usage (%),1.0,0.3383941650390625
CPU Usage (%),3.733333333333333,0.25289201736450195
CPU Usage (%),2.4999999999999996,0.5764009952545166
CPU Usage (%),3.1,0.17232322692871094
CPU Usage (%),1.25,0.3883988857269287
CPU Usage (%),2.0,0.21031689643859863
CPU Usage (%),1.56,0.47083497047424316
CPU Usage (%),1.55,0.20282602310180664
CPU Usage (%),4.25,0.18294715881347656
CPU Usage (%),3.75,0.417788028717041
CPU Usage (%),1.35,0.13991427421569824
CPU Usage (%),1.75,0.19922852516174316
CPU Usage (%),3.285714285714285,0.6699643135070801
CPU Usage (%),1.7249999999999999,0.349806547164917
CPU Usage (%),3.56,0.5000908374786377
CPU Usage (%),1.0999999999999999,0.32528090476989746
CPU Usage (%),2.8,0.34276723861694336
CPU Usage (%),2.783333333333333,0.537224292755127
CPU Usage (%),0.65,0.1623845100402832
CPU Usage (%),0.0,0.17781448364257812
CPU Usage (%),2.45,0.1560370922088623
CPU Usage (%),4.5,0.2678873538970947
CPU Usage (%),2.6,0.5678155422210693
CPU Usage (%),1.4,0.41677045822143555
CPU Usage (%),3.033333333333333,0.30948781967163086
CPU Usage (%),2.2500000000000004,0.6305398941040039
CPU Usage (%),3.5,0.3917372226715088
CPU Usage (%),2.2,0.2595667839050293
CPU Usage (%),3.766666666666666,0.2729027271270752
CPU Usage (%),2.22,0.44912075996398926
CPU Usage (%),3.25,0.4183080196380615
CPU Usage (%),2.775,0.41919827461242676
CPU Usage (%),3.2,0.364011287689209
CPU Usage (%),3.3333333333333326,0.24961519241333008
CPU Usage (%),2.25,0.21201157569885254
CPU Usage (%),3.1666666666666665,0.5498695373535156
CPU Usage (%),1.9000000000000001,0.30583810806274414
CPU Usage (%),3.725,0.40219926834106445
CPU Usage (%),2.466666666666667,0.3043191432952881
CPU Usage (%),1.2,0.16210699081420898
CPU Usage (%),3.6,0.29583072662353516
CPU Usage (%),2.9,0.18689680099487305
CPU Usage (%),3.72,0.5016465187072754
CPU Usage (%),2.5,0.1772594451904297
CPU Usage (%),1.2666666666666666,0.2778136730194092
CPU Usage (%),3.5749999999999997,0.3525712490081787
CPU Usage (%),2.1333333333333333,0.24813151359558105
CPU Usage (%),1.075,0.33519554138183594
CPU Usage (%),2.375,0.36127638816833496
CPU Usage (%),4.016666666666667,0.6033234596252441
CPU Usage (%),2.4666666666666663,0.3083028793334961
CPU Usage (%),4.266666666666667,0.5434746742248535
CPU Usage (%),0.3,0.1913588047027588
CPU Usage (%),1.7499999999999998,0.35741496086120605
CPU Usage (%),2.3,0.18522381782531738
CPU Usage (%),3.766666666666667,0.3078274726867676
CPU Usage (%),2.225,0.3934321403503418
CPU Usage (%),3.266666666666666,0.28766822814941406
CPU Usage (%),3.25,0.3643324375152588
CPU Usage (%),2.6333333333333333,0.273181676864624
CPU Usage (%),2.066666666666667,0.31337690353393555
CPU Usage (%),3.6333333333333333,0.3022623062133789
CPU Usage (%),2.7,0.3914365768432617
CPU Usage (%),2.3499999999999996,0.32495617866516113
CPU Usage (%),1.2666666666666666,0.2362358570098877
CPU Usage (%),3.675,0.3488645553588867
CPU Usage (%),2.5999999999999996,0.16095542907714844
CPU Usage (%),1.7600000000000002,0.45909643173217773
CPU Usage (%),0.6333333333333333,0.26007699966430664
CPU Usage (%),2.4,0.13057255744934082
CPU Usage (%),2.275,0.3969860076904297
CPU Usage (%),0.9,0.14724421501159668
CPU Usage (%),7.825,0.3571054935455322
CPU Usage (%),4.85,0.2046966552734375
CPU Usage (%),2.0999999999999996,0.19891881942749023
CPU Usage (%),1.2333333333333334,0.26174354553222656
CPU Usage (%),1.25,0.18412494659423828
CPU Usage (%),1.9749999999999999,0.3884730339050293
CPU Usage (%),0.6,0.19620847702026367
CPU Usage (%),1.2,0.12336134910583496
CPU Usage (%),1.7666666666666666,0.3109595775604248
CPU Usage (%),2.0,0.25287747383117676
CPU Usage (%),3.7,0.41918110847473145
CPU Usage (%),1.7,0.8042910099029541
CPU Usage (%),1.55,0.19300174713134766
CPU Usage (%),1.5,0.1333930492401123
CPU Usage (%),1.633333333333333,0.2446002960205078
CPU Usage (%),1.5666666666666667,0.3093857765197754
CPU Usage (%),2.3666666666666667,0.26323485374450684
CPU Usage (%),2.45,0.34438228607177734
CPU Usage (%),3.483333333333334,0.6208212375640869
CPU Usage (%),2.066666666666667,0.27355098724365234
CPU Usage (%),1.6250000000000002,0.3834083080291748
CPU Usage (%),2.0166666666666666,0.5751965045928955
CPU Usage (%),1.225,0.37119579315185547
CPU Usage (%),1.9249999999999998,0.3819084167480469
CPU Usage (%),1.7999999999999998,0.18487048149108887
CPU Usage (%),2.0,0.28129076957702637
CPU Usage (%),1.8800000000000001,0.5154211521148682
CPU Usage (%),1.25,0.41586923599243164
CPU Usage (%),1.65,0.3369865417480469
CPU Usage (%),2.425,0.3631100654602051
CPU Usage (%),2.0,0.16369318962097168
CPU Usage (%),2.4799999999999995,0.4366440773010254
CPU Usage (%),1.7333333333333334,0.22914695739746094
CPU Usage (%),2.8714285714285714,0.6615574359893799
CPU Usage (%),1.5,0.1643657684326172
CPU Usage (%),2.8499999999999996,0.3429605960845947
CPU Usage (%),2.1,0.32647085189819336
CPU Usage (%),3.057142857142858,0.6769676208496094
CPU Usage (%),2.3199999999999994,0.44957399368286133
CPU Usage (%),2.225,0.4067237377166748
CPU Usage (%),3.9,0.16987991333007812
CPU Usage (%),1.7500000000000002,0.3486311435699463
CPU Usage (%),2.88,0.520456075668335
CPU Usage (%),1.2,0.16601800918579102
CPU Usage (%),2.233333333333333,0.2506558895111084
CPU Usage (%),3.1999999999999997,0.30749940872192383
CPU Usage (%),1.9500000000000002,0.17269325256347656
CPU Usage (%),3.366666666666667,0.22108912467956543
CPU Usage (%),3.0749999999999997,0.4057784080505371
CPU Usage (%),3.1999999999999997,0.21070289611816406
CPU Usage (%),2.5,0.5353503227233887
CPU Usage (%),4.000000000000001,0.31857895851135254
CPU Usage (%),2.8333333333333335,0.5656623840332031
CPU Usage (%),3.1666666666666665,0.31990957260131836
CPU Usage (%),4.9,0.28103065490722656
CPU Usage (%),3.0500000000000003,0.5494217872619629
CPU Usage (%),2.9,0.22806382179260254
CPU Usage (%),3.866666666666667,0.29503297805786133
CPU Usage (%),1.4000000000000001,0.22510719299316406
CPU Usage (%),3.5199999999999996,0.46645402908325195
CPU Usage (%),3.05,0.1653902530670166
CPU Usage (%),3.4,0.362072229385376
CPU Usage (%),1.6333333333333335,0.2889857292175293
CPU Usage (%),2.8249999999999997,0.34652137756347656
CPU Usage (%),2.6999999999999997,0.2452712059020996
CPU Usage (%),2.875,0.41359996795654297
CPU Usage (%),5.65,0.20597553253173828
CPU Usage (%),4.125,0.4037320613861084
CPU Usage (%),7.433333333333334,0.24056386947631836
CPU Usage (%),2.766666666666666,0.3120615482330322
CPU Usage (%),2.3666666666666667,0.2732393741607666
CPU Usage (%),4.016666666666667,0.6174838542938232
CPU Usage (%),4.425,0.3776414394378662
CPU Usage (%),3.8000000000000003,0.3129160404205322
CPU Usage (%),3.55,0.40044403076171875
CPU Usage (%),3.1999999999999997,0.34125566482543945
CPU Usage (%),3.6250000000000004,0.3629493713378906
CPU Usage (%),3.475,0.4222290515899658
CPU Usage (%),3.0999999999999996,0.3684666156768799
CPU Usage (%),3.85,0.40303564071655273
CPU Usage (%),3.966666666666667,0.23279643058776855
CPU Usage (%),3.142857142857143,0.6606876850128174
CPU Usage (%),2.45,0.16727924346923828
CPU Usage (%),2.3666666666666667,0.31755709648132324
CPU Usage (%),2.8000000000000003,0.2847781181335449
CPU Usage (%),1.2333333333333334,0.21448326110839844
CPU Usage (%),2.3,0.2006673812866211
CPU Usage (%),2.6833333333333336,0.5915932655334473
CPU Usage (%),2.2818181818181817,1.0738930702209473
CPU Usage (%),2.0666666666666664,0.21575546264648438
CPU Usage (%),1.675,0.338306188583374
CPU Usage (%),1.25,0.1603376865386963
CPU Usage (%),2.65,0.6211161613464355
CPU Usage (%),3.05,0.18038725852966309
CPU Usage (%),1.7333333333333334,0.5560147762298584
CPU Usage (%),1.6333333333333335,0.28884291648864746
CPU Usage (%),3.0666666666666664,0.3211650848388672
CPU Usage (%),2.033333333333333,0.2864243984222412
CPU Usage (%),1.866666666666667,0.26058220863342285
CPU Usage (%),2.6999999999999997,0.5391027927398682
CPU Usage (%),1.9666666666666668,0.24380898475646973
CPU Usage (%),1.075,0.33829832077026367
CPU Usage (%),3.55,0.17464542388916016
CPU Usage (%),5.8999999999999995,0.41269731521606445
CPU Usage (%),3.4,0.1735363006591797
CPU Usage (%),4.5,0.1094198226928711
CPU Usage (%),3.625,0.3861544132232666
CPU Usage (%),2.65,0.17639565467834473
CPU Usage (%),3.6,0.19153785705566406
CPU Usage (%),2.7999999999999994,0.29719114303588867
CPU Usage (%),1.7999999999999998,0.40567779541015625
CPU Usage (%),8.666666666666668,0.32018589973449707
CPU Usage (%),2.275,0.4160280227661133
CPU Usage (%),1.3999999999999997,0.2270336151123047
CPU Usage (%),4.45,0.5963993072509766
CPU Usage (%),2.0,0.1923847198486328
CPU Usage (%),2.5999999999999996,0.2378523349761963
CPU Usage (%),5.699999999999999,0.382800817489624
CPU Usage (%),2.3666666666666667,0.5414102077484131
CPU Usage (%),1.6,0.09014630317687988
CPU Usage (%),1.5,0.4764742851257324
CPU Usage (%),2.1,0.18675780296325684
CPU Usage (%),2.12,0.4640693664550781
CPU Usage (%),1.6571428571428568,0.6648449897766113
CPU Usage (%),2.45,0.20412302017211914
CPU Usage (%),3.2,0.504117488861084
CPU Usage (%),5.0,0.3789651393890381
CPU Usage (%),2.0,0.1899855136871338
CPU Usage (%),1.7999999999999998,0.2266554832458496
CPU Usage (%),1.7,0.29602956771850586
CPU Usage (%),3.716666666666667,0.6094174385070801
CPU Usage (%),2.75,0.20668888092041016
CPU Usage (%),2.966666666666667,0.6136553287506104
CPU Usage (%),2.6,0.2651333808898926
CPU Usage (%),3.35,0.6337635517120361
CPU Usage (%),2.04,0.4763965606689453
CPU Usage (%),1.9999999999999998,0.2901182174682617
CPU Usage (%),2.0428571428571427,0.6593213081359863
CPU Usage (%),2.125,0.33655309677124023
CPU Usage (%),1.633333333333333,0.27536606788635254
CPU Usage (%),2.157142857142857,0.6946449279785156
CPU Usage (%),1.7999999999999998,0.4106011390686035
CPU Usage (%),1.5,0.18352365493774414
CPU Usage (%),1.2666666666666666,0.22060656547546387
CPU Usage (%),2.8,0.37889623641967773
CPU Usage (%),3.4,0.27889275550842285
CPU Usage (%),2.3249999999999997,0.39948368072509766
CPU Usage (%),2.3333333333333335,0.22262144088745117
CPU Usage (%),0.8999999999999999,0.19863390922546387
CPU Usage (%),1.025,0.3591189384460449
CPU Usage (%),2.15,0.5994837284088135
CPU Usage (%),2.0999999999999996,0.17823147773742676
CPU Usage (%),2.98,0.4632585048675537
CPU Usage (%),2.533333333333333,0.311199426651001
CPU Usage (%),3.4999999999999996,0.34586048126220703
CPU Usage (%),2.875,0.389178991317749
CPU Usage (%),3.1666666666666665,0.3117973804473877
CPU Usage (%),2.4666666666666663,0.22131133079528809
CPU Usage (%),2.4,0.18852567672729492
CPU Usage (%),1.2999999999999998,0.17918157577514648
CPU Usage (%),3.3,0.3765130043029785
CPU Usage (%),2.6,0.1870272159576416
CPU Usage (%),1.5666666666666664,0.283214807510376
CPU Usage (%),3.266666666666666,0.31639933586120605
CPU Usage (%),1.2249999999999999,0.3804023265838623
CPU Usage (%),1.2333333333333334,0.22057557106018066
CPU Usage (%),2.075,0.34058618545532227
CPU Usage (%),3.75,0.1844184398651123
CPU Usage (%),1.55,0.16269135475158691
CPU Usage (%),2.05,0.39089345932006836
CPU Usage (%),3.033333333333333,0.3085336685180664
CPU Usage (%),1.4333333333333333,0.23015546798706055
CPU Usage (%),3.375,0.3284008502960205
CPU Usage (%),2.8333333333333335,0.2314891815185547
CPU Usage (%),2.9499999999999997,0.4238090515136719
CPU Usage (%),7.449999999999999,0.15984201431274414
CPU Usage (%),3.46,0.5314157009124756
CPU Usage (%),2.0749999999999997,0.3582916259765625
CPU Usage (%),2.2249999999999996,0.3495626449584961
CPU Usage (%),0.85,0.1897575855255127
CPU Usage (%),3.4000000000000004,0.19696331024169922
CPU Usage (%),2.55,0.174757719039917
CPU Usage (%),4.35,0.20216798782348633
CPU Usage (%),2.625,0.3279421329498291
CPU Usage (%),1.7666666666666666,0.3165912628173828
CPU Usage (%),1.8,0.32978272438049316
CPU Usage (%),2.375,0.35120058059692383
CPU Usage (%),2.05,0.16198158264160156
CPU Usage (%),1.5499999999999998,0.1833055019378662
CPU Usage (%),1.5,0.17147445678710938
CPU Usage (%),1.5999999999999999,0.2874903678894043
CPU Usage (%),1.4,0.20827293395996094
CPU Usage (%),2.6666666666666665,0.2980058193206787
CPU Usage (%),2.9000000000000004,0.18814921379089355
CPU Usage (%),5.375000000000001,0.4215660095214844
CPU Usage (%),0.9,0.11599540710449219
CPU Usage (%),1.3,0.19572663307189941
CPU Usage (%),0.9,0.15769314765930176
CPU Usage (%),2.3666666666666667,0.6097240447998047
CPU Usage (%),4.840000000000001,0.48772430419921875
CPU Usage (%),4.766666666666667,0.27896928787231445
CPU Usage (%),3.0,0.4978964328765869
CPU Usage (%),1.9666666666666661,0.6349053382873535
CPU Usage (%),3.3400000000000007,0.5346271991729736
CPU Usage (%),1.5999999999999999,0.24927783012390137
CPU Usage (%),2.2363636363636363,1.1036550998687744
CPU Usage (%),3.22,0.4684560298919678
CPU Usage (%),2.2500000000000004,0.5893421173095703
CPU Usage (%),2.45,0.1787576675415039
CPU Usage (%),1.65,0.39177608489990234
CPU Usage (%),1.9249999999999998,0.3681371212005615
CPU Usage (%),1.1,0.16716456413269043
CPU Usage (%),2.325,0.40230298042297363
CPU Usage (%),2.9000000000000004,0.6144983768463135
CPU Usage (%),2.6,0.3189821243286133
CPU Usage (%),1.9714285714285715,0.6534786224365234
CPU Usage (%),2.06,0.48055315017700195
CPU Usage (%),3.0799999999999996,0.4986588954925537
CPU Usage (%),4.066666666666666,0.3125157356262207
CPU Usage (%),2.4,0.1669619083404541
CPU Usage (%),2.75,0.551400899887085
CPU Usage (%),1.25,0.32941484451293945
CPU Usage (%),1.8333333333333333,0.2769026756286621
CPU Usage (%),2.4714285714285715,0.7034711837768555
CPU Usage (%),2.0999999999999996,0.2342541217803955
CPU Usage (%),2.1,0.3314688205718994
CPU Usage (%),4.499999999999999,0.3048858642578125
CPU Usage (%),4.125,0.33672237396240234
CPU Usage (%),2.233333333333333,0.2541332244873047
CPU Usage (%),1.94,0.5313432216644287
CPU Usage (%),0.65,0.18979811668395996
CPU Usage (%),2.2,0.49249696731567383
CPU Usage (%),1.85,0.19140291213989258
CPU Usage (%),2.3,0.16839027404785156
CPU Usage (%),1.9799999999999998,0.44548654556274414
CPU Usage (%),0.9166666666666666,0.542961835861206
CPU Usage (%),1.8333333333333333,0.2708470821380615
CPU Usage (%),2.22,0.5228798389434814
CPU Usage (%),2.766666666666667,0.23717880249023438
CPU Usage (%),1.575,0.3334660530090332
CPU Usage (%),3.3333333333333335,0.2919464111328125
CPU Usage (%),2.3,0.39255452156066895
CPU Usage (%),2.5199999999999996,0.46689891815185547
CPU Usage (%),2.6750000000000003,0.8142142295837402
CPU Usage (%),2.1199999999999997,0.4979054927825928
CPU Usage (%),2.466666666666667,0.2796361446380615
CPU Usage (%),2.4555555555555557,0.9004364013671875
CPU Usage (%),1.4333333333333333,0.21688508987426758
CPU Usage (%),1.6,0.18046116828918457
CPU Usage (%),3.8499999999999996,0.15672636032104492
CPU Usage (%),3.45,0.3226511478424072
CPU Usage (%),3.0999999999999996,0.1672208309173584
CPU Usage (%),2.15,0.3341186046600342
CPU Usage (%),2.375,0.4108426570892334
CPU Usage (%),2.2833333333333337,0.5910673141479492
CPU Usage (%),1.8166666666666667,0.5840005874633789
CPU Usage (%),2.3000000000000003,0.28290772438049316
CPU Usage (%),1.45,0.19431853294372559
CPU Usage (%),2.025,0.37015581130981445
CPU Usage (%),1.6333333333333335,0.25612735748291016
CPU Usage (%),2.3666666666666667,0.571631908416748
CPU Usage (%),2.38,0.4675278663635254
CPU Usage (%),1.55,0.17534089088439941
CPU Usage (%),0.8000000000000002,0.30710721015930176
CPU Usage (%),3.05,0.1658158302307129
CPU Usage (%),2.657142857142857,0.6826534271240234
CPU Usage (%),2.1,0.19613265991210938
CPU Usage (%),2.1,0.2839629650115967
CPU Usage (%),3.25,0.2095351219177246
CPU Usage (%),3.1,0.20827651023864746
CPU Usage (%),1.5333333333333332,0.22971320152282715
CPU Usage (%),1.4000000000000001,0.3170301914215088
CPU Usage (%),1.85,0.18032121658325195
CPU Usage (%),2.533333333333333,0.278853178024292
CPU Usage (%),0.8999999999999999,0.3931238651275635
CPU Usage (%),2.1999999999999997,0.2724032402038574
CPU Usage (%),2.85,0.580258846282959
CPU Usage (%),1.75,0.15814876556396484
CPU Usage (%),2.4666666666666663,0.27402806282043457
CPU Usage (%),2.1333333333333333,0.5473856925964355
CPU Usage (%),1.3166666666666667,0.593407154083252
CPU Usage (%),2.05,0.17451214790344238
CPU Usage (%),2.1999999999999997,0.34133076667785645
CPU Usage (%),2.1,0.3668503761291504
CPU Usage (%),3.95,0.4208221435546875
CPU Usage (%),2.766666666666667,0.6187326908111572
CPU Usage (%),1.0999999999999999,0.30773210525512695
CPU Usage (%),1.6249999999999998,0.3551769256591797
CPU Usage (%),4.25,0.20432710647583008
CPU Usage (%),1.4500000000000002,0.34287500381469727
CPU Usage (%),1.8571428571428572,0.7220871448516846
CPU Usage (%),1.7333333333333332,0.5497610569000244
CPU Usage (%),2.0749999999999997,0.4007244110107422
CPU Usage (%),1.7,0.35818052291870117
CPU Usage (%),2.4,0.19345617294311523
CPU Usage (%),2.75,0.39619922637939453
CPU Usage (%),2.2399999999999998,0.4889986515045166
CPU Usage (%),1.7400000000000002,0.5021827220916748
CPU Usage (%),0.8999999999999999,0.16813898086547852
CPU Usage (%),2.52,0.4638864994049072
CPU Usage (%),1.5,0.5626516342163086
CPU Usage (%),2.3666666666666667,0.6152429580688477
CPU Usage (%),2.2666666666666666,0.2881176471710205
CPU Usage (%),1.625,0.36029791831970215
CPU Usage (%),2.1999999999999997,0.2881648540496826
CPU Usage (%),2.275,0.42583298683166504
CPU Usage (%),2.9,0.2868525981903076
CPU Usage (%),2.066666666666667,0.2519829273223877
CPU Usage (%),2.15,0.18335604667663574
CPU Usage (%),1.6,0.42441678047180176
CPU Usage (%),1.2249999999999999,0.37514686584472656
CPU Usage (%),2.7249999999999996,0.4192466735839844
CPU Usage (%),2.5,0.3967926502227783
CPU Usage (%),2.3600000000000003,0.5016686916351318
CPU Usage (%),2.2666666666666666,0.23130583763122559
CPU Usage (%),2.4,0.19240903854370117
CPU Usage (%),2.325,0.3606135845184326
CPU Usage (%),2.4,0.29913926124572754
CPU Usage (%),1.75,0.18617630004882812
CPU Usage (%),4.166666666666667,0.3063344955444336
CPU Usage (%),3.2,0.5185792446136475
CPU Usage (%),2.1799999999999997,0.4437990188598633
CPU Usage (%),3.2,0.20502114295959473
CPU Usage (%),1.95,0.3377056121826172
CPU Usage (%),2.25,0.18984723091125488
CPU Usage (%),2.325,0.37891459465026855
CPU Usage (%),2.525,0.34258580207824707
CPU Usage (%),4.75,0.4134531021118164
CPU Usage (%),3.6666666666666665,0.559342622756958
CPU Usage (%),3.05,0.1797173023223877
CPU Usage (%),5.300000000000001,0.180891752243042
CPU Usage (%),2.675,0.32722949981689453
CPU Usage (%),3.016666666666667,0.5848121643066406
CPU Usage (%),1.7,0.18892621994018555
CPU Usage (%),3.2000000000000006,0.3127169609069824
CPU Usage (%),2.6999999999999997,0.3176255226135254
CPU Usage (%),2.433333333333333,0.29554128646850586
CPU Usage (%),2.066666666666667,0.229996919631958
CPU Usage (%),3.15,0.1542656421661377
CPU Usage (%),2.3000000000000003,0.30826282501220703
CPU Usage (%),1.5666666666666664,0.24690032005310059
CPU Usage (%),3.675,0.39455103874206543
CPU Usage (%),3.466666666666667,0.24461984634399414
CPU Usage (%),2.9,0.23487234115600586
CPU Usage (%),2.725,0.36053943634033203
CPU Usage (%),2.0,0.2940676212310791
CPU Usage (%),6.45,0.20634818077087402
CPU Usage (%),3.033333333333333,0.2818944454193115
CPU Usage (%),2.8,0.1963348388671875
CPU Usage (%),2.25,0.5922870635986328
CPU Usage (%),2.1,0.19717192649841309
CPU Usage (%),4.7,0.38521695137023926
CPU Usage (%),2.5,0.371274471282959
CPU Usage (%),2.875,0.41667675971984863
CPU Usage (%),2.9666666666666663,0.2934551239013672
CPU Usage (%),5.15,0.2017979621887207
CPU Usage (%),1.633333333333333,0.21320223808288574
CPU Usage (%),2.033333333333333,0.22061777114868164
CPU Usage (%),2.2,0.18869972229003906
CPU Usage (%),2.42,0.4704856872558594
CPU Usage (%),4.25,0.18790602684020996
CPU Usage (%),1.8,0.2979559898376465
CPU Usage (%),2.8333333333333335,0.6276717185974121
CPU Usage (%),2.625,0.37082958221435547
CPU Usage (%),1.7000000000000002,0.41095924377441406
CPU Usage (%),2.275,0.35750484466552734
CPU Usage (%),2.166666666666667,0.31804323196411133
CPU Usage (%),2.7,0.3398463726043701
CPU Usage (%),3.0599999999999996,0.45372700691223145
CPU Usage (%),2.875,0.337871789932251
CPU Usage (%),1.5,0.1549525260925293
CPU Usage (%),2.6399999999999997,0.5080621242523193
CPU Usage (%),2.5999999999999996,0.16571450233459473
CPU Usage (%),3.75,0.4216732978820801
CPU Usage (%),2.225,0.33817315101623535
CPU Usage (%),2.54,0.5229668617248535
CPU Usage (%),2.6,0.21900177001953125
CPU Usage (%),2.1500000000000004,0.3230326175689697
CPU Usage (%),1.9333333333333333,0.31509900093078613
CPU Usage (%),2.425,0.3930931091308594
CPU Usage (%),2.475,0.8090250492095947
CPU Usage (%),2.6000000000000005,0.4532749652862549
CPU Usage (%),3.1166666666666667,0.5591421127319336
CPU Usage (%),1.3,0.19045209884643555
CPU Usage (%),3.15,0.17709994316101074
CPU Usage (%),1.9249999999999998,0.3847227096557617
CPU Usage (%),1.525,0.34825658798217773
CPU Usage (%),1.75,0.32924795150756836
CPU Usage (%),2.125,0.41463637351989746
CPU Usage (%),5.9,0.20755982398986816
CPU Usage (%),1.9999999999999996,0.4525737762451172
CPU Usage (%),3.16,0.5103747844696045
CPU Usage (%),2.75,0.38437891006469727
CPU Usage (%),1.2333333333333334,0.30610132217407227
CPU Usage (%),1.7999999999999998,0.34027862548828125
CPU Usage (%),1.5666666666666667,0.2696232795715332
CPU Usage (%),2.48,0.44927024841308594
CPU Usage (%),4.211111111111112,0.8889620304107666
CPU Usage (%),3.2499999999999996,0.38683414459228516
CPU Usage (%),2.025,0.414456844329834
CPU Usage (%),2.0349999999999993,2.1501588821411133
CPU Usage (%),4.325,0.32524585723876953
CPU Usage (%),8.7,0.18130874633789062
CPU Usage (%),5.300000000000001,0.565117359161377
CPU Usage (%),3.8666666666666667,0.24375009536743164
CPU Usage (%),4.040000000000001,0.4941132068634033
CPU Usage (%),2.38,0.47608470916748047
CPU Usage (%),4.8,0.191453218460083
CPU Usage (%),3.0,0.16664361953735352
CPU Usage (%),3.6833333333333336,0.547112226486206
CPU Usage (%),4.25,0.3699777126312256
CPU Usage (%),8.38888888888889,0.8991374969482422
CPU Usage (%),3.7,0.4532034397125244
CPU Usage (%),3.65,0.1818993091583252
CPU Usage (%),1.525,0.3896651268005371
CPU Usage (%),4.05,0.3642551898956299
CPU Usage (%),3.4285714285714284,0.7523910999298096
CPU Usage (%),1.1571428571428573,0.7073490619659424
CPU Usage (%),1.5,0.1922602653503418
CPU Usage (%),2.4,0.17077159881591797
CPU Usage (%),1.2,0.3377225399017334
CPU Usage (%),1.5750000000000002,0.3817777633666992
CPU Usage (%),0.19999999999999998,0.29425477981567383
CPU Usage (%),9.25,0.1903977394104004
CPU Usage (%),2.1,0.18043875694274902
CPU Usage (%),4.5,0.18755340576171875
CPU Usage (%),2.783333333333333,0.5540544986724854
CPU Usage (%),5.8,0.24239706993103027
CPU Usage (%),4.2,0.1962897777557373
CPU Usage (%),2.4,0.18412542343139648
CPU Usage (%),1.4000000000000001,0.23099589347839355
CPU Usage (%),3.0,0.1674187183380127
CPU Usage (%),2.9,0.17655205726623535
CPU Usage (%),2.2800000000000002,0.5272183418273926
CPU Usage (%),5.866666666666667,0.3183128833770752
CPU Usage (%),1.65,0.36434340476989746
CPU Usage (%),3.1999999999999997,0.39600706100463867
CPU Usage (%),2.725,0.3941037654876709
CPU Usage (%),2.4,0.28104209899902344
CPU Usage (%),1.7999999999999998,0.345928430557251
CPU Usage (%),0.7999999999999999,0.29378771781921387
CPU Usage (%),1.3199999999999998,0.4740869998931885
CPU Usage (%),1.2,0.18111896514892578
CPU Usage (%),1.8,0.2759432792663574
CPU Usage (%),2.55,0.18645977973937988
CPU Usage (%),2.1,0.18967533111572266
CPU Usage (%),1.7,0.5994913578033447
CPU Usage (%),3.0,0.18759441375732422
CPU Usage (%),1.0499999999999998,0.3688347339630127
CPU Usage (%),2.35,0.35196805000305176
CPU Usage (%),2.5,0.3980984687805176
CPU Usage (%),2.25,0.33191537857055664
CPU Usage (%),2.733333333333333,0.3216373920440674
CPU Usage (%),3.0,0.3333096504211426
CPU Usage (%),2.1,0.15792417526245117
CPU Usage (%),2.0,0.32251811027526855
CPU Usage (%),2.3,0.5387389659881592
CPU Usage (%),2.4,0.16689276695251465
CPU Usage (%),2.9125,0.8156094551086426
CPU Usage (%),3.15,0.3603091239929199
CPU Usage (%),3.7400000000000007,0.4954996109008789
CPU Usage (%),1.7999999999999998,0.22749710083007812
CPU Usage (%),4.2,0.22440648078918457
CPU Usage (%),3.7,0.4945495128631592
CPU Usage (%),6.660000000000001,0.44426703453063965
CPU Usage (%),3.1999999999999997,0.22194170951843262
CPU Usage (%),2.7,0.36269712448120117
CPU Usage (%),2.9666666666666663,0.30046653747558594
CPU Usage (%),4.44,0.45863819122314453
CPU Usage (%),4.78,0.4668459892272949
CPU Usage (%),2.1,0.16449213027954102
CPU Usage (%),4.0,0.3713102340698242
CPU Usage (%),2.7,0.19724178314208984
CPU Usage (%),3.966666666666667,0.30118632316589355
CPU Usage (%),5.65,0.20760273933410645
CPU Usage (%),2.88,0.5318219661712646
CPU Usage (%),3.225,0.3454911708831787
CPU Usage (%),1.5,0.17620563507080078
CPU Usage (%),2.4666666666666663,0.27470850944519043
CPU Usage (%),3.3,0.35450315475463867
CPU Usage (%),4.3,0.3337714672088623
CPU Usage (%),2.1999999999999997,0.2958085536956787
CPU Usage (%),5.066666666666666,0.29633283615112305
CPU Usage (%),3.725,0.3299832344055176
CPU Usage (%),2.95,0.1561570167541504
CPU Usage (%),9.933333333333334,0.3089289665222168
CPU Usage (%),3.3666666666666667,0.3092684745788574
CPU Usage (%),3.766666666666667,0.24889922142028809
CPU Usage (%),3.275,0.3510265350341797
CPU Usage (%),2.1999999999999997,0.2809922695159912
CPU Usage (%),2.1,0.17429089546203613
CPU Usage (%),3.9,0.5590057373046875
CPU Usage (%),3.0,0.3938252925872803
CPU Usage (%),2.25,0.19737672805786133
CPU Usage (%),1.9500000000000002,0.34529876708984375
CPU Usage (%),3.6,0.1825416088104248
CPU Usage (%),1.8,0.18975043296813965
CPU Usage (%),2.4,0.23276901245117188
CPU Usage (%),3.0,0.19841217994689941
CPU Usage (%),1.7999999999999998,0.32863521575927734
CPU Usage (%),1.6000000000000003,0.922684907913208
CPU Usage (%),1.2,0.6141600608825684
CPU Usage (%),5.04,0.5377926826477051
CPU Usage (%),2.8000000000000003,0.22478365898132324
CPU Usage (%),3.0,0.1595933437347412
CPU Usage (%),1.5,0.1653897762298584
CPU Usage (%),1.5,0.2037827968597412
CPU Usage (%),4.333333333333333,0.3121788501739502
CPU Usage (%),2.74,0.4533724784851074
CPU Usage (%),5.566666666666666,0.31827259063720703
CPU Usage (%),2.9,0.4895296096801758
CPU Usage (%),3.0,0.20349907875061035
CPU Usage (%),3.6,0.25943493843078613
CPU Usage (%),0.8999999999999999,0.16781210899353027
CPU Usage (%),2.657142857142857,0.7221078872680664
CPU Usage (%),4.75,0.3321099281311035
CPU Usage (%),6.7,0.3202695846557617
CPU Usage (%),6.725,0.41567564010620117
CPU Usage (%),4.0,0.2734217643737793
CPU Usage (%),5.35,0.20500540733337402
CPU Usage (%),2.4,0.18911027908325195
CPU Usage (%),5.074999999999999,0.3295111656188965
CPU Usage (%),3.9000000000000004,0.1795034408569336
CPU Usage (%),3.56,0.44158172607421875
CPU Usage (%),5.36,0.432875394821167
CPU Usage (%),4.718181818181818,1.166428804397583
CPU Usage (%),6.275,0.4213540554046631
CPU Usage (%),8.425,0.35356569290161133
CPU Usage (%),18.3,0.5229377746582031
CPU Usage (%),6.225,0.3813893795013428
CPU Usage (%),6.15,0.3375358581542969
CPU Usage (%),5.116666666666667,0.645270824432373
CPU Usage (%),9.02,0.4610116481781006
CPU Usage (%),5.966666666666666,0.28961944580078125
CPU Usage (%),10.1,0.2864835262298584
CPU Usage (%),5.220000000000001,0.45787620544433594
CPU Usage (%),2.1,0.15984416007995605
CPU Usage (%),3.6399999999999997,0.4471588134765625
CPU Usage (%),2.4,0.26168060302734375
CPU Usage (%),3.95,0.16128301620483398
CPU Usage (%),2.7600000000000002,0.5358824729919434
CPU Usage (%),2.85,0.36724257469177246
CPU Usage (%),2.8000000000000003,0.31250572204589844
CPU Usage (%),3.8666666666666667,0.2254657745361328
CPU Usage (%),2.7,0.32607007026672363
CPU Usage (%),2.3,0.43074893951416016
CPU Usage (%),2.4,0.21471548080444336
CPU Usage (%),1.7999999999999998,0.2056751251220703
CPU Usage (%),3.0,0.21697998046875
CPU Usage (%),5.3,0.8007616996765137
CPU Usage (%),4.78,0.44348669052124023
CPU Usage (%),6.566666666666666,0.21672582626342773
CPU Usage (%),3.15,0.36164164543151855
CPU Usage (%),5.1,0.1678938865661621
CPU Usage (%),8.8,0.18016719818115234
CPU Usage (%),6.766666666666667,0.3214988708496094
CPU Usage (%),8.725,0.3846402168273926
CPU Usage (%),6.0,0.19485974311828613
CPU Usage (%),5.35,0.15733981132507324
CPU Usage (%),8.966666666666667,0.30765295028686523
CPU Usage (%),5.375,0.40181684494018555
CPU Usage (%),4.0,0.29862427711486816
CPU Usage (%),3.9,0.4117858409881592
CPU Usage (%),2.5500000000000003,0.41895532608032227
CPU Usage (%),3.4,0.4771080017089844
CPU Usage (%),5.84,0.445753812789917
CPU Usage (%),6.1000000000000005,0.3430745601654053
CPU Usage (%),2.3666666666666667,0.2210986614227295
CPU Usage (%),5.5,0.18808770179748535
CPU Usage (%),3.45,0.35675477981567383
CPU Usage (%),6.833333333333333,0.26822590827941895
CPU Usage (%),3.12,0.4348170757293701
CPU Usage (%),4.483333333333333,0.6173672676086426
CPU Usage (%),6.4,0.19508576393127441
CPU Usage (%),3.3833333333333333,0.5803604125976562
CPU Usage (%),3.45,0.3339502811431885
